Scenario,Chain_Risk,P_Success
Baseline,0.7088673780630415,0.02984827002275727
Trusted Supplier Override,0.7088673780630415,0.04615078382413846
Secure Port Override,0.7088673780630415,0.047315597443370466
Cyber Alert Override,0.7088673780630415,0.005879129316922169
Emergency Last-mile Override,0.9499999999999998,0.004614152037629949
Full Human Stabilization,0.2,0.40960000000000013
