Scenario,D1 Supplier,D2 Port,D3 Route,D4 Last-mile
Baseline,0.5851849708817063,0.5992899666700261,0.5881482499519548,0.7088673780630415
Geopolitical Escalation,0.6238930789898144,0.6128378045078638,0.6465479826621237,0.7234673112405836
Cyber Escalation,0.6144955788576633,0.6095486794616111,0.6450669604607211,0.7230970556902331
Supplier Financial Stress,0.6661478980868072,0.6276269911918114,0.6263523062348754,0.7184183921337715
Port Congestion Shock,0.5851849708817063,0.7205465333032808,0.6542281688683163,0.7253873577921317
Last-mile Disruption,0.5851849708817063,0.5992899666700261,0.61785119887834,0.8598142148953614
Compound Crisis,0.6466653848785768,0.7420646782021855,0.7040697084435187,0.7378477426859322
