Scenario,Chain_Risk,P_Success,Delta_Risk,Delta_P_Success
Baseline,0.7088673780630415,0.02984827002275727,0.0,0.0
Geopolitical Escalation,0.7234673112405836,0.02241740650102101,0.014599933177542157,-0.007430863521736261
Cyber Escalation,0.7230970556902331,0.02437197448986312,0.014229677627191628,-0.0054762955328941515
Supplier Financial Stress,0.7184183921337715,0.02208785009695761,0.009551014070730002,-0.00776041992579966
Port Congestion Shock,0.7253873577921317,0.019515048386474054,0.01651997972909025,-0.010333221636283217
Last-mile Disruption,0.8598142148953614,0.015918063978594216,0.1509468368323199,-0.013930206044163056
Compound Crisis,0.7378477426859322,0.012884200155043914,0.028980364622890775,-0.016964069867713358
