Step,D1_Supplier,D2_Port,D3_Route,D4_Lastmile,P_Success
0,0.5851849708817063,0.5943532181441141,0.6950097404096025,0.7054029686496817,0.015118783692337916
1,0.5851849708817063,0.5911443316022714,0.753100117767403,0.717327255929112,0.011836664109235001
2,0.5851849708817063,0.5890585553500737,0.7797501490422042,0.7329329792073851,0.010026983751757777
3,0.5851849708817063,0.5877028007861451,0.7866190695653864,0.7463545017968853,0.009256517588504131
4,0.5851849708817063,0.5868215603195915,0.7814904730416479,0.755138494608076,0.00917028907504296
5,0.5851849708817063,0.5862487540163317,0.769507015146553,0.7587306247426953,0.00954451157906515
6,0.5851849708817063,0.5858764299192128,0.7540185387189758,0.7575526032367654,0.01024482005574324
7,0.5851849708817063,0.5856344192560855,0.7371638971496399,0.7524554267149841,0.011183470222277392
